,name,curprice,pcr,resistance,support,CallChngInLTP,PutChngInLTP,CoiMaxAdd,CoiMaxExit,callprob,putprob
0,GRASIM_26-04-2019_10:36.csv,910.0,0.5504032258064516,"940.0,950.0,960.0,920.0,","900.0,870.0,820.0,860.0,","-34.0,-36.06,-34.85,-31.51,","13.78,10.25,nan,22.73,","970.0,1000.0,900.0,910.0,","900.0,960.0,520.0,1070.0,","98.26,99.74,99.97,74.94,","75.31,99.88,100.0,99.98,"
1,GRASIM_26-04-2019_10:45.csv,907.85,0.5511022044088176,"940.0,950.0,960.0,920.0,","900.0,870.0,820.0,860.0,","-37.36,-38.18,-39.06,-34.1,","14.12,10.25,nan,22.73,","970.0,1000.0,900.0,910.0,","900.0,960.0,520.0,1070.0,","99.03,99.87,99.99,81.32,","70.61,99.8,100.0,99.97,"
2,GRASIM_26-04-2019_11:00.csv,914.35,0.544,"940.0,950.0,960.0,920.0,","900.0,870.0,820.0,860.0,","-20.12,-28.81,-28.99,-16.86,","9.5,10.25,nan,22.73,","970.0,1000.0,900.0,910.0,","900.0,960.0,520.0,1070.0,","96.69,99.34,99.93,65.19,","84.82,99.97,100.0,100.0,"
3,GRASIM_26-04-2019_11:15.csv,910.35,0.5407554671968191,"940.0,950.0,920.0,960.0,","900.0,870.0,820.0,860.0,","-31.95,-29.76,-25.46,-36.92,","4.78,10.25,nan,22.73,","970.0,1000.0,900.0,910.0,","900.0,960.0,520.0,1070.0,","98.29,99.71,75.36,99.97,","77.35,99.88,100.0,99.98,"
4,GRASIM_26-04-2019_11:30.csv,909.75,0.5416666666666666,"940.0,950.0,920.0,960.0,","900.0,870.0,820.0,860.0,","-34.3,-29.76,-27.81,-36.92,","9.69,10.25,nan,22.73,","970.0,1000.0,900.0,910.0,","900.0,960.0,520.0,1070.0,","98.63,99.75,77.52,99.98,","75.01,99.86,100.0,99.98,"
5,GRASIM_26-04-2019_11:45.csv,907.35,0.5454545454545454,"940.0,950.0,920.0,960.0,","900.0,870.0,820.0,860.0,","-32.53,-44.57,-34.76,-36.92,","11.69,10.25,nan,22.73,","970.0,1000.0,900.0,910.0,","900.0,960.0,520.0,1070.0,","99.04,99.89,81.46,99.99,","69.64,99.78,100.0,99.97,"
6,GRASIM_26-04-2019_12:00.csv,907.25,0.5341130604288499,"940.0,950.0,920.0,960.0,","900.0,870.0,820.0,860.0,","-40.89,-52.87,-36.33,-53.45,","11.87,10.25,nan,22.73,","970.0,1000.0,900.0,910.0,","900.0,960.0,880.0,520.0,","99.16,99.91,83.18,99.99,","69.6,99.84,100.0,99.98,"
7,GRASIM_26-04-2019_12:11.csv,905.4,0.528046421663443,"940.0,950.0,920.0,960.0,","900.0,870.0,820.0,860.0,","-40.89,-52.87,-36.33,-53.45,","15.12,27.0,nan,22.73,","970.0,1000.0,900.0,910.0,","900.0,960.0,880.0,520.0,","99.31,99.94,84.95,100.0,","65.0,99.43,100.0,99.97,"
8,GRASIM_26-04-2019_12:15.csv,906.55,0.5241779497098646,"940.0,950.0,920.0,960.0,","900.0,870.0,820.0,860.0,","-40.89,-52.87,-41.03,-51.36,","15.77,27.0,nan,22.73,","970.0,1000.0,900.0,910.0,","900.0,960.0,880.0,520.0,","99.14,99.92,82.95,99.99,","67.98,99.55,100.0,99.98,"
9,GRASIM_26-04-2019_12:30.csv,904.0,0.5178907721280602,"940.0,950.0,920.0,960.0,","900.0,870.0,820.0,860.0,","-50.37,-59.76,-49.54,-64.81,","17.36,31.35,nan,22.73,","970.0,1000.0,900.0,910.0,","900.0,960.0,520.0,820.0,","99.53,99.96,87.73,100.0,","61.03,99.24,100.0,99.97,"
10,GRASIM_26-04-2019_12:46.csv,904.75,0.512014787430684,"940.0,950.0,920.0,960.0,","900.0,870.0,820.0,860.0,","-43.91,-58.81,-44.78,-64.81,","17.2,31.35,nan,22.73,","970.0,1000.0,900.0,910.0,","900.0,960.0,520.0,810.0,","99.43,99.94,86.29,100.0,","63.51,99.33,100.0,99.97,"
11,GRASIM_26-04-2019_13:02.csv,903.8,0.5195530726256983,"940.0,950.0,920.0,960.0,","900.0,870.0,820.0,860.0,","-43.57,-54.2,-46.07,-51.88,","17.67,31.35,nan,22.73,","970.0,1000.0,900.0,910.0,","900.0,960.0,520.0,820.0,","99.48,99.95,87.57,100.0,","60.65,99.13,100.0,99.96,"
12,GRASIM_26-04-2019_13:07.csv,901.25,0.5130111524163569,"940.0,950.0,920.0,960.0,","900.0,870.0,820.0,860.0,","-43.57,-63.69,-48.19,-51.88,","21.79,31.35,nan,22.73,","970.0,1000.0,900.0,910.0,","900.0,960.0,520.0,820.0,","99.7,99.98,90.94,100.0,","53.55,98.61,100.0,99.92,"
13,GRASIM_26-04-2019_13:15.csv,903.25,0.5226415094339623,"940.0,950.0,920.0,960.0,","900.0,870.0,820.0,860.0,","-51.89,-60.24,-47.39,-66.67,","23.69,31.35,nan,37.04,","1000.0,920.0,900.0,910.0,","900.0,960.0,520.0,820.0,","99.56,99.96,88.62,100.0,","59.1,99.36,100.0,99.93,"
14,GRASIM_26-04-2019_13:32.csv,903.9,0.5054744525547445,"940.0,950.0,920.0,960.0,","900.0,870.0,820.0,860.0,","-48.52,-56.01,-47.39,-55.59,","19.93,31.35,nan,37.04,","1000.0,910.0,900.0,910.0,","900.0,960.0,520.0,810.0,","99.51,99.95,88.08,100.0,","60.8,99.2,100.0,99.89,"
15,GRASIM_26-04-2019_13:48.csv,905.0,0.5072992700729927,"940.0,950.0,920.0,960.0,","900.0,870.0,820.0,860.0,","-48.52,-58.33,-47.39,-61.23,","19.93,31.35,nan,37.04,","1000.0,910.0,900.0,910.0,","900.0,960.0,520.0,810.0,","99.37,99.93,86.26,99.99,","63.94,99.37,100.0,99.92,"
16,GRASIM_26-04-2019_14:03.csv,911.0,0.4858156028368794,"940.0,950.0,920.0,960.0,","900.0,870.0,820.0,860.0,","-31.09,-41.49,-33.66,-43.09,","10.61,22.89,nan,27.04,","980.0,910.0,900.0,910.0,","900.0,960.0,520.0,810.0,","97.99,99.71,74.11,99.97,","78.41,99.84,100.0,99.99,"
17,GRASIM_26-04-2019_14:18.csv,906.95,0.4808362369337979,"940.0,950.0,920.0,960.0,","900.0,870.0,820.0,860.0,","-38.62,-33.67,-31.94,-40.82,","10.79,22.89,nan,27.04,","980.0,910.0,900.0,910.0,","900.0,960.0,920.0,520.0,","99.15,99.88,83.22,99.99,","68.79,99.53,100.0,99.95,"
18,GRASIM_26-04-2019_14:30.csv,909.7,0.4816753926701571,"940.0,950.0,920.0,960.0,","900.0,870.0,820.0,860.0,","-39.26,-50.71,-38.18,-45.9,","12.75,22.89,nan,27.04,","980.0,910.0,900.0,910.0,","900.0,960.0,920.0,520.0,","98.63,99.85,77.82,99.99,","75.29,99.78,100.0,99.98,"
19,GRASIM_26-04-2019_14:45.csv,910.55,0.4833040421792619,"950.0,940.0,920.0,960.0,","900.0,870.0,820.0,860.0,","-50.71,-34.6,-30.67,-45.9,","12.75,22.89,nan,10.05,","980.0,910.0,900.0,910.0,","900.0,960.0,920.0,520.0,","99.85,98.58,76.13,99.99,","76.71,99.79,100.0,100.0,"
20,GRASIM_26-04-2019_15:00.csv,912.45,0.4789473684210526,"940.0,950.0,920.0,960.0,","900.0,870.0,820.0,860.0,","-31.37,-44.57,-30.67,-46.38,","4.78,15.77,nan,10.05,","980.0,910.0,910.0,900.0,","900.0,960.0,920.0,520.0,","98.01,99.77,70.8,99.98,","81.42,99.86,100.0,100.0,"
21,GRASIM_26-04-2019_15:15.csv,910.0,0.4955908289241622,"940.0,950.0,920.0,1000.0,","900.0,870.0,820.0,860.0,","-30.8,-40.0,-36.33,-24.0,","6.01,15.77,nan,10.05,","980.0,1000.0,910.0,900.0,","900.0,960.0,520.0,820.0,","98.81,99.88,76.84,100.0,","76.75,99.75,100.0,99.99,"
22,GRASIM_26-04-2019_15:30.csv,912.65,0.5309734513274337,"950.0,940.0,920.0,960.0,","900.0,860.0,870.0,910.0,","-42.25,-37.05,-31.94,-50.85,","6.81,7.61,15.77,6.7,","980.0,1000.0,860.0,910.0,","900.0,960.0,920.0,520.0,","99.81,98.3,71.84,99.96,","81.31,99.99,99.89,57.21,"
23,GRASIM_26-04-2019_15:45.csv,911.3,0.5364120781527532,"940.0,950.0,920.0,960.0,","900.0,860.0,870.0,910.0,","-38.3,-42.25,-36.33,-50.85,","4.78,7.61,15.77,6.7,","980.0,1000.0,860.0,910.0,","900.0,960.0,920.0,520.0,","98.6,99.82,74.76,99.99,","78.93,100.0,99.85,53.72,"
24,GRASIM_08-05-2019_15:53.csv,870.1,0.4451783355350066,"900.0,1000.0,980.0,920.0,","870.0,860.0,840.0,850.0,","-2.8,-18.33,0.91,-6.34,","-3.85,-11.04,-11.14,-9.11,","890.0,900.0,870.0,850.0,","950.0,930.0,900.0,880.0,","64.05,93.34,89.03,72.53,","50.05,55.08,64.4,59.78,"
25,GRASIM_09-05-2019_09:00.csv,870.1,0.4460719041278296,"900.0,1000.0,980.0,920.0,","870.0,860.0,840.0,820.0,","nan,nan,nan,nan,","nan,nan,nan,nan,","720.0,910.0,720.0,910.0,","720.0,1030.0,720.0,1030.0,","63.96,93.65,89.38,72.33,","50.05,55.27,64.88,100.0,"
26,GRASIM_09-05-2019_09:15.csv,870.1,0.4460719041278296,"900.0,1000.0,980.0,920.0,","870.0,860.0,840.0,820.0,","nan,nan,nan,nan,","nan,nan,nan,nan,","720.0,910.0,720.0,910.0,","720.0,1030.0,720.0,1030.0,","63.96,93.65,89.38,72.33,","50.05,55.27,64.88,100.0,"
27,GRASIM_09-05-2019_09:32.csv,860.05,0.4445927903871829,"900.0,1000.0,980.0,920.0,","860.0,840.0,820.0,850.0,","-24.32,nan,nan,-27.45,","17.67,nan,nan,19.81,","520.0,830.0,520.0,830.0,","960.0,900.0,880.0,850.0,","68.86,100.0,100.0,76.81,","50.02,100.0,100.0,54.72,"
28,GRASIM_09-05-2019_09:45.csv,859.4,0.421455938697318,"900.0,1000.0,980.0,920.0,","840.0,850.0,820.0,800.0,","-24.32,nan,nan,-27.45,","nan,16.6,nan,nan,","860.0,940.0,520.0,540.0,","900.0,920.0,860.0,520.0,","68.57,100.0,100.0,76.43,","100.0,54.72,100.0,100.0,"
29,GRASIM_09-05-2019_10:01.csv,862.8,0.4345549738219896,"1000.0,900.0,980.0,920.0,","840.0,860.0,820.0,850.0,","nan,-17.35,-48.65,-17.33,","16.67,19.06,73.23,17.75,","860.0,890.0,820.0,850.0,","900.0,920.0,860.0,880.0,","100.0,67.43,91.8,75.58,","60.7,51.31,68.93,55.97,"
30,GRASIM_09-05-2019_10:16.csv,865.15,0.42857142857142855,"920.0,1000.0,980.0,900.0,","840.0,860.0,820.0,850.0,","-16.07,nan,-32.53,-10.84,","16.67,19.06,70.36,17.75,","860.0,920.0,820.0,850.0,","900.0,910.0,860.0,880.0,","74.9,100.0,91.68,66.42,","61.49,52.34,70.45,56.87,"
31,GRASIM_09-05-2019_10:32.csv,861.8,0.43005181347150256,"920.0,1000.0,980.0,900.0,","840.0,860.0,820.0,850.0,","-16.07,nan,-32.53,-18.56,","14.63,19.06,70.36,17.75,","860.0,920.0,820.0,850.0,","900.0,960.0,860.0,870.0,","75.1,100.0,91.01,67.45,","60.66,50.87,69.82,55.65,"
32,GRASIM_09-05-2019_10:45.csv,865.15,0.4311688311688312,"920.0,1000.0,980.0,900.0,","840.0,860.0,820.0,850.0,","-21.72,nan,-32.53,-17.35,","14.63,19.06,70.36,17.75,","860.0,920.0,820.0,850.0,","900.0,960.0,860.0,870.0,","74.82,100.0,90.68,66.48,","61.93,52.41,70.82,57.04,"
33,GRASIM_09-05-2019_11:02.csv,868.05,0.4280155642023346,"920.0,1000.0,980.0,900.0,","840.0,860.0,820.0,850.0,","-7.62,nan,-32.53,-5.26,","14.63,9.43,70.36,17.75,","860.0,920.0,820.0,850.0,","900.0,960.0,860.0,870.0,","73.19,100.0,90.73,64.74,","62.69,53.92,71.26,57.98,"
34,GRASIM_09-05-2019_11:18.csv,868.6,0.4269081500646831,"920.0,1000.0,980.0,900.0,","840.0,860.0,820.0,850.0,","-16.07,nan,-32.53,-5.26,","14.63,9.43,66.67,17.75,","860.0,920.0,820.0,850.0,","900.0,910.0,860.0,880.0,","73.92,100.0,90.72,64.6,","62.85,54.15,72.48,58.17,"
35,GRASIM_09-05-2019_11:33.csv,870.05,0.4239690721649485,"920.0,1000.0,980.0,900.0,","870.0,840.0,860.0,820.0,","-10.17,nan,-32.53,-7.73,","1.48,14.63,6.25,66.67,","860.0,920.0,820.0,850.0,","900.0,910.0,860.0,880.0,","73.21,100.0,90.33,64.19,","50.02,63.53,54.87,73.14,"
36,GRASIM_09-05-2019_11:45.csv,868.85,0.42233632862644416,"920.0,1000.0,980.0,900.0,","840.0,860.0,820.0,850.0,","-8.33,nan,-32.53,-4.55,","14.63,6.25,66.67,17.75,","860.0,920.0,820.0,850.0,","900.0,960.0,860.0,870.0,","73.13,100.0,90.71,64.47,","62.92,54.37,72.53,58.25,"
37,GRASIM_09-05-2019_12:00.csv,868.55,0.4228791773778921,"920.0,1000.0,980.0,900.0,","840.0,860.0,820.0,850.0,","-8.33,nan,-32.53,-6.98,","14.63,6.25,66.67,17.75,","860.0,920.0,820.0,850.0,","900.0,960.0,860.0,870.0,","73.19,100.0,90.73,64.78,","62.83,54.24,72.46,58.15,"
38,GRASIM_09-05-2019_12:15.csv,868.0,0.4203084832904884,"920.0,1000.0,980.0,900.0,","840.0,860.0,820.0,850.0,","-8.33,nan,-32.53,-6.98,","14.63,6.25,66.67,17.75,","860.0,920.0,820.0,850.0,","900.0,960.0,860.0,870.0,","73.29,100.0,90.74,64.92,","62.67,54.0,72.35,57.96,"
39,GRASIM_09-05-2019_12:30.csv,868.05,0.4203084832904884,"920.0,1000.0,980.0,900.0,","840.0,860.0,820.0,850.0,","-8.33,nan,-32.53,-6.98,","14.63,6.25,66.67,17.75,","860.0,920.0,820.0,850.0,","900.0,960.0,860.0,870.0,","73.27,100.0,90.73,64.9,","62.69,54.03,72.37,57.98,"
40,GRASIM_09-05-2019_12:45.csv,872.25,0.4272844272844273,"920.0,1000.0,980.0,900.0,","840.0,870.0,860.0,820.0,","-8.33,nan,-32.53,-4.07,","0.0,3.24,8.92,65.42,","860.0,920.0,840.0,820.0,","900.0,910.0,860.0,870.0,","72.02,100.0,90.2,63.14,","65.54,51.07,55.79,73.96,"
41,GRASIM_09-05-2019_13:00.csv,869.45,0.4267352185089974,"920.0,1000.0,980.0,900.0,","840.0,860.0,820.0,850.0,","-8.33,nan,-32.53,-4.55,","0.0,8.92,65.42,2.8,","860.0,920.0,840.0,820.0,","900.0,910.0,860.0,870.0,","72.66,100.0,90.68,64.29,","64.39,54.53,73.02,59.5,"
42,GRASIM_09-05-2019_13:15.csv,868.6,0.4254498714652956,"920.0,1000.0,980.0,900.0,","840.0,860.0,820.0,850.0,","-8.33,nan,-32.53,-10.58,","0.0,8.92,65.42,2.8,","860.0,920.0,840.0,820.0,","900.0,910.0,860.0,870.0,","73.06,100.0,90.63,64.99,","64.21,54.19,72.93,59.25,"
43,GRASIM_09-05-2019_13:30.csv,869.7,0.4265463917525773,"920.0,1000.0,980.0,900.0,","840.0,860.0,820.0,850.0,","-8.33,nan,-32.53,-9.52,","0.0,8.92,65.42,2.8,","860.0,920.0,840.0,820.0,","900.0,910.0,860.0,870.0,","72.76,100.0,90.51,64.51,","64.61,54.68,73.24,59.69,"
44,GRASIM_09-05-2019_13:46.csv,868.2,0.435630689206762,"920.0,1000.0,980.0,900.0,","840.0,860.0,820.0,850.0,","-11.3,nan,-32.53,-10.58,","0.0,8.92,65.98,2.8,","860.0,920.0,840.0,820.0,","900.0,960.0,860.0,870.0,","73.77,100.0,90.9,65.28,","63.86,53.95,72.41,58.94,"
45,GRASIM_09-05-2019_14:01.csv,868.0,0.4361979166666667,"920.0,1000.0,980.0,900.0,","840.0,860.0,820.0,850.0,","-11.3,nan,-32.53,-10.58,","0.0,8.92,65.98,2.8,","860.0,920.0,840.0,820.0,","900.0,960.0,860.0,870.0,","73.85,100.0,90.94,65.37,","63.76,53.85,72.33,58.84,"
46,GRASIM_09-05-2019_14:15.csv,868.65,0.435630689206762,"920.0,1000.0,980.0,900.0,","840.0,860.0,820.0,850.0,","-16.07,nan,-32.53,-12.75,","0.0,8.92,65.98,2.8,","860.0,920.0,840.0,820.0,","900.0,960.0,860.0,870.0,","73.83,100.0,90.65,65.18,","64.2,54.21,72.75,59.25,"
47,GRASIM_09-05-2019_14:32.csv,870.0,0.435630689206762,"920.0,1000.0,980.0,900.0,","840.0,860.0,820.0,850.0,","-16.07,nan,-32.53,-9.52,","0.0,8.92,65.98,2.8,","860.0,920.0,840.0,820.0,","900.0,960.0,860.0,870.0,","73.63,100.0,90.63,64.57,","64.58,54.76,72.99,59.71,"
48,GRASIM_09-05-2019_14:45.csv,869.9,0.435630689206762,"920.0,1000.0,980.0,900.0,","840.0,860.0,820.0,850.0,","-16.07,nan,-32.53,-9.52,","1.41,8.92,65.98,2.8,","860.0,920.0,840.0,820.0,","900.0,960.0,860.0,870.0,","73.7,100.0,90.67,64.63,","64.4,54.71,72.93,59.66,"
49,GRASIM_09-05-2019_15:04.csv,869.05,0.4354628422425033,"920.0,1000.0,980.0,900.0,","840.0,860.0,820.0,850.0,","-14.44,nan,-32.53,-12.47,","1.41,8.92,65.98,2.8,","860.0,920.0,840.0,820.0,","900.0,960.0,860.0,870.0,","74.45,100.0,90.85,65.29,","64.01,54.31,72.6,59.26,"
50,GRASIM_09-05-2019_15:15.csv,869.0,0.4360313315926893,"920.0,1000.0,980.0,900.0,","840.0,860.0,820.0,850.0,","-19.93,nan,-32.53,-15.58,","1.41,8.92,65.98,2.8,","860.0,920.0,840.0,820.0,","900.0,960.0,860.0,870.0,","74.2,100.0,90.7,65.4,","64.14,54.34,72.76,59.34,"
51,GRASIM_09-05-2019_15:30.csv,869.05,0.4383202099737533,"920.0,1000.0,980.0,900.0,","840.0,860.0,820.0,850.0,","-19.93,nan,-32.53,-17.35,","1.41,8.92,65.98,0.95,","860.0,920.0,840.0,820.0,","900.0,960.0,860.0,870.0,","74.18,100.0,90.69,65.52,","64.16,54.36,72.78,59.36,"
52,GRASIM_09-05-2019_15:45.csv,869.0,0.4383202099737533,"920.0,1000.0,980.0,900.0,","840.0,860.0,820.0,850.0,","-19.93,nan,-32.53,-15.29,","2.78,8.92,65.98,0.95,","860.0,920.0,840.0,820.0,","900.0,960.0,860.0,870.0,","74.21,100.0,90.7,65.38,","64.02,54.34,72.75,59.45,"
53,GRASIM_13-05-2019_09:00.csv,853.5,0.4624664879356568,"920.0,1000.0,980.0,900.0,","840.0,820.0,850.0,830.0,","nan,nan,nan,nan,","nan,nan,nan,nan,","720.0,910.0,720.0,910.0,","720.0,1030.0,720.0,1030.0,","80.74,100.0,100.0,74.08,","58.06,68.67,52.15,63.25,"
54,GRASIM_13-05-2019_09:15.csv,853.5,0.4624664879356568,"920.0,1000.0,980.0,900.0,","840.0,820.0,850.0,830.0,","nan,nan,nan,nan,","nan,nan,nan,nan,","720.0,910.0,720.0,910.0,","720.0,1030.0,720.0,1030.0,","80.74,100.0,100.0,74.08,","58.06,68.67,52.15,63.25,"
55,GRASIM_13-05-2019_09:30.csv,847.3,0.46586345381526095,"920.0,1000.0,980.0,900.0,","840.0,820.0,830.0,800.0,","-58.27,-200.0,nan,nan,","11.11,nan,nan,19.19,","860.0,520.0,840.0,960.0,","890.0,880.0,520.0,860.0,","84.02,100.0,100.0,100.0,","54.01,100.0,100.0,74.44,"
56,GRASIM_13-05-2019_09:45.csv,845.7,0.4661354581673306,"920.0,1000.0,980.0,900.0,","840.0,820.0,830.0,800.0,","-46.67,-200.0,nan,-28.7,","11.11,16.43,nan,19.19,","860.0,520.0,840.0,820.0,","880.0,890.0,850.0,520.0,","83.17,97.13,100.0,76.14,","53.38,63.95,100.0,74.41,"
57,GRASIM_13-05-2019_10:00.csv,849.45,0.4706666666666667,"920.0,1000.0,980.0,900.0,","840.0,820.0,830.0,800.0,","-36.65,-200.0,nan,-28.7,","14.71,11.59,14.39,19.19,","860.0,950.0,840.0,820.0,","880.0,920.0,850.0,730.0,","81.75,97.1,100.0,75.51,","55.08,65.19,59.99,75.17,"
58,GRASIM_13-05-2019_10:16.csv,850.15,0.4698795180722892,"920.0,1000.0,980.0,900.0,","840.0,820.0,850.0,830.0,","-28.65,-200.0,nan,-10.45,","11.11,11.59,18.48,14.39,","860.0,950.0,840.0,820.0,","880.0,900.0,880.0,850.0,","81.92,97.23,100.0,74.26,","55.26,65.12,50.07,60.03,"
59,GRASIM_13-05-2019_10:30.csv,849.5,0.4686248331108144,"920.0,1000.0,980.0,900.0,","840.0,820.0,830.0,800.0,","-28.65,-200.0,nan,-10.45,","11.11,11.59,14.39,23.08,","860.0,840.0,840.0,820.0,","880.0,900.0,880.0,850.0,","81.54,97.09,100.0,73.85,","55.28,65.24,60.02,74.74,"
60,GRASIM_13-05-2019_10:45.csv,845.5,0.4646194926568759,"920.0,1000.0,980.0,900.0,","840.0,820.0,830.0,800.0,","-19.57,-200.0,nan,-9.63,","14.71,14.71,14.39,23.08,","860.0,870.0,840.0,820.0,","880.0,900.0,880.0,870.0,","81.76,97.29,100.0,74.97,","53.06,63.59,58.22,73.44,"
61,GRASIM_13-05-2019_11:00.csv,847.8,0.4592790387182911,"920.0,1000.0,980.0,900.0,","840.0,820.0,830.0,800.0,","-19.57,-200.0,nan,-19.84,","19.03,14.71,13.33,23.08,","860.0,870.0,820.0,830.0,","880.0,900.0,860.0,880.0,","81.05,97.11,100.0,75.51,","54.05,64.38,59.28,74.37,"
62,GRASIM_13-05-2019_11:16.csv,848.0,0.4667553191489362,"920.0,1000.0,980.0,900.0,","840.0,820.0,830.0,800.0,","-25.71,-200.0,nan,-19.84,","21.41,14.71,18.37,26.61,","860.0,840.0,830.0,820.0,","880.0,900.0,860.0,880.0,","81.49,97.1,100.0,74.98,","54.22,64.46,59.14,73.97,"
63,GRASIM_13-05-2019_11:30.csv,847.05,0.4672897196261682,"920.0,1000.0,980.0,860.0,","840.0,820.0,830.0,800.0,","-22.91,-200.0,nan,-8.99,","20.48,14.96,15.22,26.61,","860.0,840.0,830.0,810.0,","880.0,890.0,860.0,880.0,","81.93,97.29,100.0,56.81,","53.57,63.78,58.53,73.29,"
64,GRASIM_13-05-2019_11:45.csv,847.3,0.4743935309973046,"920.0,1000.0,980.0,860.0,","840.0,820.0,830.0,800.0,","-33.33,-500.0,nan,-13.89,","16.49,10.77,13.55,26.61,","860.0,870.0,810.0,840.0,","920.0,880.0,860.0,880.0,","82.22,97.16,100.0,56.75,","53.96,64.5,59.17,73.69,"
65,GRASIM_13-05-2019_12:01.csv,849.15,0.4663978494623656,"920.0,1000.0,980.0,860.0,","840.0,820.0,830.0,800.0,","-26.44,-500.0,nan,-10.44,","18.53,10.77,7.87,26.61,","860.0,850.0,840.0,810.0,","920.0,890.0,860.0,870.0,","81.95,98.31,100.0,55.9,","54.76,65.18,59.94,74.18,"
66,GRASIM_13-05-2019_12:16.csv,850.45,0.467828418230563,"920.0,1000.0,980.0,860.0,","840.0,820.0,830.0,850.0,","-34.15,-500.0,nan,-14.12,","18.53,10.77,10.0,11.79,","860.0,850.0,840.0,810.0,","890.0,910.0,860.0,870.0,","81.51,98.23,100.0,55.21,","55.42,65.79,61.04,50.24,"
67,GRASIM_13-05-2019_12:30.csv,850.9,0.4690860215053764,"920.0,1000.0,980.0,860.0,","840.0,820.0,830.0,850.0,","-34.15,-500.0,nan,-12.79,","18.53,6.75,9.3,11.79,","860.0,850.0,840.0,810.0,","900.0,880.0,860.0,870.0,","81.64,98.26,100.0,55.05,","55.57,65.83,61.02,50.48,"
68,GRASIM_13-05-2019_12:46.csv,849.3,0.46799999999999997,"920.0,1000.0,980.0,860.0,","840.0,820.0,830.0,800.0,","-34.15,-500.0,nan,-13.89,","13.98,9.38,10.23,20.79,","860.0,870.0,840.0,830.0,","900.0,880.0,860.0,870.0,","82.31,98.38,100.0,55.92,","54.95,65.14,60.16,74.66,"
69,GRASIM_13-05-2019_13:01.csv,848.5,0.4680851063829787,"920.0,1000.0,980.0,860.0,","840.0,820.0,830.0,800.0,","-34.15,-500.0,nan,-13.89,","14.89,9.09,10.23,20.79,","860.0,870.0,840.0,830.0,","900.0,880.0,860.0,870.0,","82.31,98.36,100.0,56.29,","54.53,64.97,59.83,74.57,"
70,GRASIM_13-05-2019_13:16.csv,849.5,0.4700399467376831,"920.0,1000.0,980.0,860.0,","840.0,820.0,830.0,800.0,","-34.15,-500.0,nan,-15.94,","14.89,9.38,10.0,20.79,","860.0,870.0,840.0,830.0,","900.0,880.0,860.0,870.0,","82.11,98.34,100.0,55.9,","55.05,65.32,60.26,74.86,"
71,GRASIM_13-05-2019_13:31.csv,849.1,0.4694148936170213,"920.0,1000.0,980.0,860.0,","840.0,820.0,830.0,800.0,","-34.15,-500.0,nan,-11.07,","14.89,9.38,10.0,20.79,","860.0,870.0,840.0,830.0,","900.0,880.0,860.0,870.0,","82.31,98.38,100.0,56.15,","54.82,65.09,60.04,74.64,"
72,GRASIM_13-05-2019_13:46.csv,847.5,0.4654255319148936,"920.0,1000.0,980.0,860.0,","840.0,820.0,830.0,800.0,","-34.15,-500.0,nan,-11.07,","18.86,9.38,10.0,20.79,","860.0,870.0,830.0,800.0,","900.0,880.0,860.0,870.0,","82.23,98.32,100.0,56.49,","54.14,64.76,59.55,74.54,"
73,GRASIM_13-05-2019_14:01.csv,848.9,0.4603174603174603,"860.0,920.0,1000.0,980.0,","840.0,820.0,830.0,800.0,","-18.78,-34.15,-500.0,nan,","18.2,9.38,10.0,20.79,","860.0,870.0,830.0,820.0,","880.0,900.0,860.0,870.0,","56.27,82.1,98.32,100.0,","54.65,65.19,60.09,74.81,"
74,GRASIM_13-05-2019_14:16.csv,848.5,0.4631578947368421,"860.0,1000.0,920.0,980.0,","840.0,820.0,830.0,800.0,","-15.25,-500.0,-39.24,nan,","18.2,13.43,13.12,20.79,","860.0,870.0,830.0,820.0,","880.0,920.0,860.0,870.0,","56.46,98.31,82.07,100.0,","54.48,64.72,59.73,74.79,"
75,GRASIM_13-05-2019_14:33.csv,844.95,0.4683377308707124,"860.0,1000.0,920.0,980.0,","840.0,820.0,830.0,800.0,","-19.51,-500.0,-43.79,nan,","18.2,13.43,14.6,20.79,","860.0,870.0,830.0,850.0,","880.0,920.0,860.0,870.0,","58.3,98.47,83.72,100.0,","52.66,63.12,57.91,73.44,"
76,GRASIM_13-05-2019_14:45.csv,845.95,0.4659685863874346,"860.0,920.0,1000.0,980.0,","840.0,820.0,830.0,800.0,","-23.31,-51.72,-500.0,nan,","18.2,18.99,18.94,20.79,","860.0,870.0,830.0,850.0,","880.0,900.0,870.0,860.0,","57.76,83.49,98.33,100.0,","53.26,63.33,58.28,74.23,"
77,GRASIM_14-05-2019_09:02.csv,837.95,0.4729907773386034,"860.0,920.0,1000.0,980.0,","820.0,830.0,810.0,800.0,","nan,nan,nan,nan,","nan,nan,nan,nan,","720.0,740.0,720.0,740.0,","720.0,1030.0,720.0,1030.0,","62.73,86.39,98.22,100.0,","59.24,54.07,64.25,72.73,"
78,GRASIM_14-05-2019_09:15.csv,837.95,0.4729907773386034,"860.0,920.0,1000.0,980.0,","820.0,830.0,810.0,800.0,","nan,nan,nan,nan,","nan,nan,nan,nan,","720.0,740.0,720.0,740.0,","720.0,1030.0,720.0,1030.0,","62.73,86.39,98.22,100.0,","59.24,54.07,64.25,72.73,"
79,GRASIM_14-05-2019_09:32.csv,833.0,0.4666666666666667,"860.0,920.0,1000.0,980.0,","820.0,830.0,810.0,800.0,","-6.98,nan,nan,nan,","nan,nan,-3.26,nan,","900.0,860.0,520.0,960.0,","520.0,850.0,840.0,860.0,","64.34,100.0,100.0,100.0,","100.0,100.0,62.64,100.0,"
80,GRASIM_14-05-2019_09:45.csv,830.05,0.4718217562254259,"860.0,920.0,1000.0,980.0,","820.0,830.0,810.0,800.0,","-14.36,nan,0.0,nan,","1.84,nan,-3.26,nan,","900.0,890.0,820.0,520.0,","880.0,940.0,520.0,860.0,","65.96,100.0,98.03,100.0,","55.59,100.0,61.46,100.0,"
81,GRASIM_14-05-2019_10:04.csv,824.55,0.4768824306472921,"860.0,1000.0,980.0,920.0,","820.0,810.0,800.0,770.0,","-14.36,17.65,nan,-24.75,","-2.64,-3.26,29.12,nan,","900.0,850.0,820.0,830.0,","920.0,840.0,890.0,520.0,","67.96,97.88,100.0,88.95,","52.78,58.81,64.15,100.0,"
82,GRASIM_14-05-2019_10:15.csv,823.65,0.4684684684684685,"1000.0,980.0,860.0,900.0,","820.0,810.0,800.0,770.0,","17.65,nan,-31.43,-37.86,","16.76,17.73,43.89,nan,","880.0,840.0,820.0,830.0,","920.0,860.0,890.0,520.0,","97.69,100.0,68.85,82.55,","52.0,57.48,62.94,100.0,"
83,GRASIM_14-05-2019_10:30.csv,818.4,0.4846938775510204,"1000.0,980.0,900.0,920.0,","810.0,800.0,770.0,740.0,","12.5,nan,-37.86,-23.53,","20.91,45.41,nan,nan,","840.0,880.0,820.0,840.0,","860.0,920.0,890.0,520.0,","97.87,100.0,85.09,89.01,","54.67,60.17,100.0,100.0,"
84,GRASIM_14-05-2019_10:45.csv,826.1,0.5012690355329951,"980.0,1000.0,900.0,920.0,","820.0,800.0,810.0,770.0,","nan,12.5,-45.11,-23.53,","19.89,42.29,18.12,nan,","880.0,840.0,800.0,820.0,","860.0,920.0,890.0,850.0,","100.0,97.64,83.7,87.63,","53.21,63.75,58.72,100.0,"
85,GRASIM_14-05-2019_11:00.csv,838.3,0.4987373737373738,"980.0,900.0,1000.0,920.0,","820.0,830.0,810.0,800.0,","nan,-16.97,12.5,-8.62,","7.17,12.04,1.69,31.99,","840.0,880.0,820.0,800.0,","860.0,920.0,890.0,850.0,","100.0,78.56,97.05,85.2,","60.15,54.37,65.25,69.66,"
86,GRASIM_14-05-2019_11:16.csv,835.7,0.5044025157232704,"900.0,980.0,1000.0,920.0,","820.0,830.0,800.0,810.0,","3.5,nan,12.5,-8.62,","-15.41,-8.62,28.87,-8.41,","840.0,880.0,820.0,800.0,","860.0,920.0,890.0,850.0,","79.54,100.0,97.99,87.42,","58.58,53.06,67.42,63.82,"
87,GRASIM_14-05-2019_11:30.csv,837.4,0.506953223767383,"900.0,980.0,1000.0,920.0,","820.0,830.0,800.0,810.0,","3.5,nan,12.5,10.0,","-15.41,-1.0,28.87,-8.41,","840.0,880.0,820.0,800.0,","860.0,920.0,890.0,850.0,","78.73,100.0,97.61,85.99,","60.03,53.94,69.03,64.91,"
88,GRASIM_14-05-2019_11:46.csv,835.3,0.5075949367088608,"900.0,980.0,1000.0,920.0,","820.0,830.0,800.0,810.0,","-7.82,nan,12.5,10.0,","-0.23,-1.0,28.87,-8.41,","840.0,880.0,820.0,800.0,","860.0,920.0,890.0,920.0,","80.43,100.0,97.71,84.92,","58.95,52.88,68.21,63.96,"
89,GRASIM_14-05-2019_12:00.csv,835.7,0.5075949367088608,"900.0,980.0,1000.0,920.0,","820.0,830.0,800.0,810.0,","-7.82,nan,12.5,10.0,","-0.23,-1.0,28.87,-8.41,","840.0,880.0,820.0,800.0,","860.0,920.0,890.0,920.0,","80.5,100.0,97.74,84.99,","58.2,53.05,68.23,64.02,"
90,GRASIM_14-05-2019_12:16.csv,835.15,0.5075949367088608,"900.0,980.0,1000.0,920.0,","820.0,830.0,810.0,800.0,","-7.82,nan,12.5,10.0,","-2.64,-1.0,1.14,28.11,","840.0,880.0,820.0,800.0,","860.0,920.0,890.0,920.0,","80.58,100.0,97.75,85.04,","58.11,52.78,63.08,68.17,"
91,GRASIM_14-05-2019_12:30.csv,835.05,0.5133418043202033,"980.0,1000.0,900.0,920.0,","820.0,830.0,810.0,800.0,","nan,12.5,-5.46,10.0,","-2.64,-1.0,1.14,28.11,","840.0,880.0,820.0,800.0,","860.0,920.0,890.0,920.0,","100.0,97.73,80.68,84.98,","58.11,52.74,63.09,68.2,"
92,GRASIM_14-05-2019_12:47.csv,835.75,0.5171537484116899,"980.0,1000.0,900.0,920.0,","820.0,830.0,810.0,800.0,","nan,12.5,-5.46,10.0,","-1.43,-1.0,1.14,28.62,","840.0,880.0,820.0,800.0,","860.0,920.0,890.0,920.0,","100.0,97.66,79.97,84.72,","58.28,53.13,63.48,68.51,"
93,GRASIM_14-05-2019_13:00.csv,835.6,0.5190839694656488,"980.0,1000.0,900.0,920.0,","820.0,830.0,810.0,800.0,","nan,12.5,-2.66,10.0,","-0.71,-0.2,1.14,31.76,","840.0,880.0,820.0,800.0,","860.0,920.0,890.0,920.0,","100.0,97.78,80.17,85.12,","58.13,52.96,63.15,67.72,"
94,GRASIM_14-05-2019_13:19.csv,836.75,0.5216284987277354,"980.0,1000.0,900.0,920.0,","820.0,830.0,810.0,800.0,","nan,12.5,-2.66,10.0,","-11.2,-0.2,-0.29,27.6,","840.0,880.0,820.0,800.0,","860.0,920.0,890.0,920.0,","100.0,97.83,80.28,85.25,","58.53,53.45,63.48,67.85,"
95,GRASIM_14-05-2019_13:30.csv,840.45,0.5225225225225225,"980.0,1000.0,900.0,950.0,","820.0,840.0,830.0,800.0,","nan,12.5,-1.58,nan,","-7.29,-3.73,-0.2,27.6,","840.0,880.0,820.0,800.0,","860.0,920.0,890.0,920.0,","100.0,97.49,78.57,100.0,","61.15,50.24,55.4,70.23,"
96,GRASIM_14-05-2019_13:45.csv,839.75,0.5263835263835264,"980.0,1000.0,900.0,950.0,","820.0,830.0,800.0,810.0,","nan,12.5,-1.58,nan,","-7.29,-7.69,27.6,-8.75,","840.0,880.0,820.0,800.0,","860.0,920.0,890.0,920.0,","100.0,97.6,78.93,100.0,","60.42,54.99,69.77,65.66,"
97,GRASIM_14-05-2019_14:00.csv,848.75,0.5147247119078106,"980.0,1000.0,900.0,950.0,","820.0,840.0,830.0,800.0,","nan,39.13,18.22,nan,","-25.22,-22.4,-23.83,15.83,","840.0,880.0,820.0,800.0,","860.0,920.0,840.0,890.0,","100.0,96.96,75.58,100.0,","64.6,54.76,59.81,74.36,"
98,GRASIM_14-05-2019_14:15.csv,849.0,0.5166240409207161,"980.0,1000.0,900.0,950.0,","820.0,840.0,830.0,800.0,","nan,39.13,16.81,nan,","-24.85,-26.19,-23.83,9.01,","840.0,880.0,820.0,800.0,","860.0,920.0,840.0,890.0,","100.0,96.86,75.56,100.0,","64.62,54.75,59.76,73.05,"
99,GRASIM_14-05-2019_14:30.csv,848.55,0.5186136071887034,"980.0,1000.0,900.0,950.0,","820.0,840.0,830.0,800.0,","nan,41.67,16.81,nan,","-24.85,-26.19,-23.83,8.18,","840.0,880.0,820.0,800.0,","860.0,920.0,840.0,890.0,","100.0,96.71,75.64,100.0,","64.52,54.52,59.67,73.92,"
100,GRASIM_14-05-2019_14:45.csv,847.5,0.5205655526992288,"980.0,1000.0,900.0,950.0,","820.0,840.0,830.0,800.0,","nan,41.67,16.81,nan,","-24.85,-26.19,-32.28,3.81,","840.0,880.0,820.0,800.0,","860.0,920.0,840.0,890.0,","100.0,96.86,76.28,100.0,","63.91,53.93,59.33,73.78,"
101,GRASIM_14-05-2019_15:00.csv,845.0,0.5180412371134021,"980.0,900.0,1000.0,880.0,","820.0,840.0,830.0,800.0,","nan,6.76,41.67,9.49,","-11.49,-16.57,-14.29,14.41,","840.0,880.0,820.0,800.0,","860.0,920.0,840.0,890.0,","100.0,76.1,96.7,67.67,","63.46,52.83,58.73,73.74,"
102,GRASIM_14-05-2019_15:16.csv,847.8,0.5200517464424321,"980.0,900.0,1000.0,950.0,","820.0,840.0,830.0,800.0,","nan,11.06,41.67,nan,","-11.49,-13.33,-14.29,19.52,","840.0,880.0,820.0,800.0,","860.0,920.0,840.0,890.0,","100.0,75.9,96.36,100.0,","63.98,54.05,59.36,73.34,"
103,GRASIM_14-05-2019_15:30.csv,846.1,0.51875808538163,"980.0,900.0,1000.0,950.0,","820.0,840.0,830.0,800.0,","nan,8.96,41.67,nan,","-11.49,-26.19,-14.29,19.52,","840.0,880.0,820.0,800.0,","860.0,920.0,840.0,890.0,","100.0,77.28,96.89,100.0,","62.54,53.26,58.02,71.76,"
104,GRASIM_14-05-2019_15:47.csv,845.0,0.51875808538163,"980.0,900.0,1000.0,950.0,","820.0,840.0,830.0,800.0,","nan,8.96,41.67,nan,","-11.49,-26.19,-14.29,19.52,","840.0,880.0,820.0,800.0,","860.0,920.0,840.0,890.0,","100.0,77.31,96.78,100.0,","62.38,52.78,57.73,71.79,"
105,GRASIM_15-05-2019_09:01.csv,845.0,0.5216251638269986,"980.0,900.0,1000.0,950.0,","820.0,840.0,830.0,800.0,","nan,nan,nan,nan,","nan,nan,nan,nan,","720.0,740.0,720.0,740.0,","720.0,1030.0,720.0,1030.0,","100.0,77.96,97.17,100.0,","62.83,52.89,58.02,72.5,"
106,GRASIM_15-05-2019_09:15.csv,845.0,0.5216251638269986,"980.0,900.0,1000.0,950.0,","820.0,840.0,830.0,800.0,","nan,nan,nan,nan,","nan,nan,nan,nan,","720.0,740.0,720.0,740.0,","720.0,1030.0,720.0,1030.0,","100.0,77.96,97.17,100.0,","62.83,52.89,58.02,72.5,"
107,GRASIM_15-05-2019_09:32.csv,843.85,0.5216251638269986,"980.0,900.0,1000.0,950.0,","820.0,840.0,830.0,800.0,","nan,nan,nan,nan,","nan,7.9,nan,17.43,","520.0,960.0,520.0,960.0,","520.0,860.0,520.0,860.0,","100.0,100.0,100.0,100.0,","100.0,51.98,100.0,100.0,"
108,GRASIM_15-05-2019_09:48.csv,842.75,0.520997375328084,"980.0,900.0,1000.0,950.0,","820.0,840.0,830.0,800.0,","nan,nan,nan,nan,","nan,6.39,nan,17.43,","520.0,960.0,520.0,960.0,","840.0,860.0,840.0,860.0,","100.0,100.0,100.0,100.0,","100.0,51.41,100.0,69.36,"
109,GRASIM_15-05-2019_10:00.csv,843.75,0.520997375328084,"980.0,900.0,1000.0,950.0,","820.0,840.0,830.0,800.0,","nan,nan,nan,nan,","nan,10.0,nan,17.43,","520.0,960.0,800.0,520.0,","840.0,860.0,840.0,860.0,","100.0,100.0,100.0,100.0,","100.0,51.86,100.0,69.75,"
110,GRASIM_15-05-2019_10:18.csv,842.6,0.520997375328084,"980.0,900.0,1000.0,950.0,","820.0,840.0,830.0,800.0,","nan,-0.48,nan,nan,","nan,10.0,7.93,0.0,","860.0,540.0,800.0,520.0,","850.0,840.0,840.0,860.0,","100.0,78.13,100.0,100.0,","100.0,51.28,56.22,69.96,"
111,GRASIM_15-05-2019_10:30.csv,841.5,0.5223684210526316,"980.0,900.0,1000.0,950.0,","820.0,840.0,830.0,800.0,","nan,-5.5,nan,nan,","nan,10.0,7.93,0.0,","860.0,520.0,800.0,520.0,","840.0,850.0,840.0,860.0,","100.0,77.97,100.0,100.0,","100.0,50.76,55.86,70.98,"
112,GRASIM_15-05-2019_10:45.csv,838.05,0.5229960578186597,"980.0,900.0,1000.0,950.0,","820.0,830.0,800.0,810.0,","nan,-5.5,nan,nan,","7.93,7.93,0.0,nan,","860.0,520.0,800.0,520.0,","840.0,900.0,840.0,860.0,","100.0,78.95,100.0,100.0,","59.33,54.33,70.13,100.0,"
113,GRASIM_15-05-2019_11:00.csv,835.5,0.5269382391590013,"980.0,900.0,1000.0,950.0,","820.0,830.0,800.0,810.0,","nan,-6.03,nan,nan,","9.24,16.48,0.0,nan,","860.0,520.0,900.0,820.0,","840.0,900.0,840.0,520.0,","100.0,79.71,100.0,100.0,","58.16,53.01,69.12,100.0,"
114,GRASIM_15-05-2019_11:15.csv,836.1,0.5289473684210526,"980.0,900.0,1000.0,880.0,","820.0,830.0,800.0,810.0,","nan,-6.03,nan,-25.2,","11.14,16.0,17.43,nan,","840.0,880.0,900.0,830.0,","860.0,900.0,840.0,560.0,","100.0,79.29,100.0,73.15,","58.34,53.11,67.79,100.0,"
115,GRASIM_15-05-2019_11:30.csv,832.7,0.5153452685421995,"840.0,980.0,900.0,1000.0,","820.0,830.0,800.0,810.0,","-14.07,-232.0,-6.03,-20.0,","16.74,20.4,21.56,nan,","840.0,850.0,830.0,900.0,","860.0,820.0,840.0,520.0,","53.97,100.0,79.57,100.0,","56.67,51.51,66.98,100.0,"
116,GRASIM_15-05-2019_11:45.csv,833.35,0.5165816326530612,"840.0,980.0,900.0,1000.0,","820.0,830.0,800.0,810.0,","-15.38,-232.0,-6.03,-20.0,","16.74,20.4,21.56,nan,","840.0,880.0,830.0,900.0,","860.0,920.0,800.0,520.0,","53.78,96.54,79.67,97.31,","56.85,51.71,66.55,100.0,"
117,GRASIM_15-05-2019_12:00.csv,827.95,0.5049627791563276,"840.0,980.0,900.0,1000.0,","820.0,800.0,810.0,790.0,","-26.58,-232.0,-50.71,-20.0,","23.4,23.94,38.44,26.74,","840.0,890.0,820.0,810.0,","860.0,920.0,850.0,520.0,","56.56,96.6,83.29,97.35,","54.47,64.74,100.0,69.88,"
118,GRASIM_15-05-2019_12:15.csv,829.0,0.4921212121212121,"840.0,980.0,900.0,880.0,","820.0,800.0,810.0,790.0,","-26.58,-245.83,-50.71,-51.43,","16.19,23.94,38.44,26.74,","840.0,880.0,820.0,810.0,","860.0,920.0,850.0,520.0,","56.42,96.72,83.58,76.46,","54.95,64.94,59.55,70.08,"
119,GRASIM_15-05-2019_12:30.csv,829.0,0.4921020656136088,"840.0,980.0,900.0,880.0,","820.0,800.0,810.0,790.0,","-26.58,-245.83,-50.71,-51.43,","19.71,23.94,35.07,26.74,","840.0,880.0,820.0,810.0,","860.0,920.0,850.0,840.0,","56.37,96.68,83.46,76.53,","54.98,65.02,59.61,70.18,"
120,GRASIM_15-05-2019_12:45.csv,828.0,0.5042424242424243,"840.0,980.0,900.0,880.0,","820.0,800.0,810.0,790.0,","-27.66,-245.83,-58.65,-51.43,","23.71,23.94,35.07,26.74,","840.0,880.0,820.0,810.0,","860.0,920.0,850.0,840.0,","56.78,96.61,83.81,76.48,","54.22,64.85,59.69,70.1,"
121,GRASIM_15-05-2019_13:00.csv,828.9,0.5042424242424243,"840.0,980.0,900.0,880.0,","820.0,800.0,810.0,790.0,","-27.66,-245.83,-58.65,-51.43,","21.84,23.94,35.07,26.74,","840.0,880.0,820.0,810.0,","860.0,920.0,850.0,840.0,","56.37,96.61,83.73,76.34,","54.72,65.12,60.03,70.32,"
122,GRASIM_15-05-2019_13:15.csv,830.0,0.5072639225181598,"840.0,980.0,900.0,880.0,","820.0,810.0,800.0,790.0,","-29.87,-245.83,-58.65,-51.43,","21.84,31.32,23.94,26.74,","840.0,880.0,820.0,810.0,","860.0,920.0,850.0,840.0,","56.0,96.64,83.74,76.27,","55.17,60.78,65.38,70.49,"
123,GRASIM_15-05-2019_13:30.csv,828.95,0.5096852300242131,"840.0,980.0,880.0,1000.0,","820.0,800.0,810.0,790.0,","-32.16,-245.83,-46.54,-20.0,","21.84,23.94,31.32,26.74,","840.0,890.0,820.0,810.0,","860.0,900.0,850.0,900.0,","56.32,96.52,76.05,97.21,","54.81,65.46,60.6,70.55,"
124,GRASIM_15-05-2019_13:45.csv,831.05,0.5169082125603864,"840.0,980.0,1000.0,880.0,","820.0,830.0,800.0,810.0,","-32.16,-245.83,-20.0,-46.54,","17.28,25.88,23.94,31.32,","840.0,890.0,820.0,810.0,","860.0,900.0,850.0,900.0,","55.59,96.65,97.31,75.81,","55.88,50.52,65.65,61.13,"
125,GRASIM_15-05-2019_14:00.csv,831.8,0.5169082125603864,"840.0,980.0,1000.0,880.0,","820.0,830.0,800.0,810.0,","-32.16,-245.83,-20.0,-46.54,","17.28,20.68,23.94,31.32,","840.0,890.0,820.0,810.0,","860.0,900.0,850.0,900.0,","55.11,96.56,97.25,75.42,","56.27,50.95,66.02,61.54,"
126,GRASIM_15-05-2019_14:15.csv,831.05,0.5169082125603864,"840.0,980.0,1000.0,880.0,","820.0,830.0,810.0,800.0,","-16.96,-245.83,-20.0,-39.47,","14.89,19.53,31.32,16.33,","840.0,890.0,820.0,830.0,","860.0,900.0,850.0,890.0,","55.84,96.84,97.46,75.86,","55.82,50.54,60.84,66.11,"
127,GRASIM_15-05-2019_14:30.csv,832.1,0.5204819277108433,"840.0,980.0,880.0,1000.0,","820.0,830.0,810.0,800.0,","-25.26,-245.83,-43.24,-20.0,","17.28,20.11,31.32,16.33,","840.0,880.0,820.0,830.0,","860.0,900.0,850.0,890.0,","54.32,96.42,74.45,97.13,","56.69,51.15,61.88,67.28,"
128,GRASIM_15-05-2019_14:45.csv,830.45,0.5199516324062878,"840.0,980.0,880.0,1000.0,","820.0,830.0,810.0,800.0,","-25.26,-232.0,-40.71,-20.0,","17.28,21.25,31.32,21.81,","840.0,880.0,820.0,830.0,","860.0,900.0,850.0,890.0,","55.53,96.47,75.24,97.26,","55.67,50.24,61.05,65.88,"
129,GRASIM_15-05-2019_15:00.csv,825.3,0.5240963855421686,"840.0,980.0,880.0,1000.0,","820.0,800.0,810.0,790.0,","-25.26,-232.0,-53.62,-20.0,","19.37,20.57,31.32,26.74,","840.0,880.0,820.0,830.0,","860.0,900.0,850.0,890.0,","58.39,96.91,77.32,97.59,","52.92,63.45,58.41,68.49,"
130,GRASIM_15-05-2019_15:15.csv,813.0,0.5112960760998811,"840.0,980.0,880.0,900.0,","800.0,810.0,790.0,770.0,","-60.86,-361.11,-91.57,-95.37,","43.21,52.72,26.74,nan,","840.0,880.0,820.0,830.0,","860.0,920.0,850.0,900.0,","64.76,97.58,82.3,87.76,","57.38,51.52,64.73,100.0,"
131,GRASIM_15-05-2019_15:30.csv,815.0,0.5437125748502994,"840.0,900.0,980.0,1000.0,","800.0,810.0,790.0,770.0,","-55.84,-95.37,-361.11,-20.0,","45.79,50.0,26.74,nan,","840.0,820.0,800.0,820.0,","860.0,880.0,850.0,900.0,","63.43,87.36,97.39,97.4,","57.45,52.68,66.04,100.0,"
132,GRASIM_15-05-2019_15:45.csv,817.95,0.5431654676258992,"840.0,900.0,980.0,1000.0,","800.0,810.0,790.0,770.0,","-55.84,-95.37,-361.11,-20.0,","45.79,50.0,26.74,nan,","840.0,820.0,800.0,820.0,","860.0,880.0,850.0,900.0,","61.97,86.07,97.24,97.26,","58.97,54.18,67.5,100.0,"
133,GRASIM_16-05-2019_09:00.csv,817.95,0.5405078597339782,"840.0,900.0,980.0,1000.0,","800.0,810.0,790.0,770.0,","nan,nan,nan,nan,","nan,nan,nan,nan,","720.0,740.0,720.0,740.0,","720.0,1030.0,720.0,1030.0,","62.91,87.53,97.83,97.82,","58.95,54.15,67.41,100.0,"
134,GRASIM_16-05-2019_09:15.csv,817.95,0.6349431818181818,"840.0,900.0,1000.0,950.0,","800.0,810.0,790.0,770.0,","nan,nan,nan,nan,","nan,nan,nan,nan,","740.0,900.0,740.0,900.0,","740.0,1020.0,740.0,1020.0,","62.91,87.53,97.82,96.94,","58.95,54.15,67.41,100.0,"
135,GRASIM_16-05-2019_09:32.csv,808.0,0.5360576923076923,"840.0,900.0,980.0,1000.0,","800.0,790.0,770.0,740.0,","-3.24,-10.42,nan,nan,","5.71,nan,nan,nan,","830.0,840.0,560.0,840.0,","560.0,850.0,800.0,560.0,","66.32,88.58,100.0,100.0,","54.19,100.0,100.0,100.0,"
136,GRASIM_16-05-2019_09:48.csv,807.95,0.5248815165876777,"900.0,980.0,1000.0,840.0,","800.0,790.0,770.0,780.0,","-1.92,nan,nan,-4.66,","7.6,nan,nan,-179.71,","880.0,820.0,780.0,750.0,","840.0,520.0,800.0,840.0,","87.74,100.0,100.0,66.2,","54.17,100.0,100.0,64.48,"
137,GRASIM_16-05-2019_10:00.csv,806.4,0.5306859205776173,"900.0,980.0,1000.0,880.0,","800.0,790.0,760.0,770.0,","-8.16,nan,nan,-14.38,","11.83,nan,-219.17,nan,","880.0,820.0,760.0,780.0,","840.0,520.0,800.0,840.0,","88.15,100.0,100.0,83.33,","53.37,100.0,72.72,100.0,"
